true_label,pred_label,score
[0],0,[2.4742140769958496, -2.380127429962158]
[0],1,[-1.821629285812378, 1.802890419960022]
[1],0,[1.4852850437164307, -1.3055894374847412]
[0],0,[2.0909335613250732, -1.999161958694458]
[0],0,[2.4639296531677246, -2.368661403656006]
[1],0,[2.124798536300659, -2.0095267295837402]
[0],0,[0.32763323187828064, -0.28723829984664917]
[0],0,[2.154503107070923, -2.0481081008911133]
[0],0,[2.3119494915008545, -2.2168264389038086]
[0],0,[2.165166139602661, -2.063704490661621]
[1],0,[2.414292812347412, -2.318319320678711]
[0],0,[0.5472906231880188, -0.47038328647613525]
[0],1,[-0.3360474407672882, 0.3062897026538849]
[1],1,[-2.4393434524536133, 2.384277582168579]
[0],0,[2.4254183769226074, -2.3179290294647217]
[1],1,[-1.5695537328720093, 1.5654053688049316]
[1],1,[-1.248337745666504, 1.2684680223464966]
[1],1,[-0.7237866520881653, 0.7655304670333862]
[0],1,[-1.6129709482192993, 1.568875789642334]
[1],0,[2.374314546585083, -2.2670793533325195]
[0],0,[2.4643702507019043, -2.3654375076293945]
[1],1,[-2.393563985824585, 2.343684673309326]
[1],1,[-1.4775868654251099, 1.4419482946395874]
[0],0,[2.4851021766662598, -2.3937602043151855]
[1],1,[-2.3160388469696045, 2.274445056915283]
[0],1,[-1.6505892276763916, 1.6343964338302612]
[0],1,[-1.5881346464157104, 1.5981215238571167]
[0],0,[2.108308792114258, -2.011054515838623]
[0],0,[0.2822568118572235, -0.19786953926086426]
[0],0,[2.298231363296509, -2.1635069847106934]
[0],0,[2.2121784687042236, -2.0956716537475586]
[0],0,[2.3144571781158447, -2.2038803100585938]
[0],0,[0.6780628561973572, -0.5649351477622986]
[0],0,[0.3452591896057129, -0.32657814025878906]
[0],0,[2.436295747756958, -2.3394501209259033]
[1],0,[0.23359695076942444, -0.1498880684375763]
[0],0,[2.445906400680542, -2.3508002758026123]
[1],1,[-0.4088289439678192, 0.48476317524909973]
[0],0,[2.4390034675598145, -2.3352136611938477]
[0],0,[1.002590298652649, -0.8422742486000061]
[1],1,[-2.438138723373413, 2.3855228424072266]
[1],0,[0.9422244429588318, -0.7706666588783264]
[1],1,[-2.3488173484802246, 2.3041062355041504]
[0],0,[2.427337884902954, -2.3300156593322754]
[0],0,[2.470283269882202, -2.376215696334839]
[0],0,[2.4341907501220703, -2.3340208530426025]
[0],0,[2.426008939743042, -2.323988914489746]
[0],0,[2.0953545570373535, -1.9982163906097412]
[0],0,[2.486105442047119, -2.3925483226776123]
[0],1,[-0.10091637820005417, 0.0909947007894516]
[1],1,[-2.2110214233398438, 2.1794559955596924]
[0],0,[2.4731695652008057, -2.378594398498535]
[0],0,[2.0820014476776123, -1.9607354402542114]
[0],0,[1.3729318380355835, -1.2557430267333984]
[0],1,[-0.6106683015823364, 0.652761697769165]
[0],0,[1.9690430164337158, -1.8669055700302124]
[0],1,[-0.5195809602737427, 0.5597543120384216]
[0],0,[0.21631038188934326, -0.18249835073947906]
[1],1,[-2.3279974460601807, 2.287397623062134]
[0],0,[2.4845001697540283, -2.3902716636657715]
[0],0,[2.39432430267334, -2.279664993286133]
[0],0,[0.21680088341236115, -0.20132465660572052]
[0],0,[2.035499095916748, -1.9293063879013062]
[0],0,[2.173743486404419, -2.047649621963501]
[0],1,[-0.8449522852897644, 0.8156957626342773]
[0],0,[0.5858036279678345, -0.5037559866905212]
[0],0,[1.1885745525360107, -1.08067786693573]
[1],0,[0.9053013324737549, -0.7301162481307983]
[0],0,[2.4020538330078125, -2.303266763687134]
[1],1,[-2.4305951595306396, 2.3801140785217285]
[0],0,[2.451127767562866, -2.352949857711792]
[0],0,[2.4046802520751953, -2.308119535446167]
[0],0,[2.4662668704986572, -2.3679404258728027]
[0],0,[2.42352032661438, -2.3247053623199463]
[0],0,[2.2348861694335938, -2.0801072120666504]
[0],0,[1.048101544380188, -0.864497721195221]
[0],0,[2.1847591400146484, -2.086749315261841]
[0],0,[2.3325679302215576, -2.235334873199463]
[0],0,[2.1420962810516357, -2.046961545944214]
[0],0,[1.7567895650863647, -1.5502489805221558]
[0],1,[-1.7756178379058838, 1.7361209392547607]
[0],0,[2.3456368446350098, -2.246119260787964]
[1],1,[-2.109086275100708, 2.0923547744750977]
[1],1,[-2.205676794052124, 2.170280933380127]
[0],0,[2.4621126651763916, -2.3621366024017334]
[1],1,[-2.4022042751312256, 2.350390672683716]
[1],1,[-0.8748148083686829, 0.9267886281013489]
[0],0,[2.2843079566955566, -2.18568754196167]
[1],1,[-2.30678391456604, 2.2610528469085693]
[0],0,[0.2825661897659302, -0.1758824735879898]
[1],0,[2.2334859371185303, -2.1259119510650635]
[1],1,[-0.8580254912376404, 0.8798143863677979]
[1],1,[-2.321343183517456, 2.2841978073120117]
[0],0,[2.360318422317505, -2.2636096477508545]
[0],0,[2.3856093883514404, -2.2887747287750244]
[0],0,[0.9549863934516907, -0.8826243281364441]
[0],0,[2.089848279953003, -1.9949913024902344]
[0],0,[2.4477670192718506, -2.352069139480591]
[1],1,[-2.3182621002197266, 2.2706298828125]
[1],1,[-0.5197854042053223, 0.5594467520713806]
[0],1,[-0.8352503180503845, 0.8738076686859131]
[0],0,[1.9849882125854492, -1.886267900466919]
[0],0,[2.4511849880218506, -2.3544342517852783]
[0],0,[2.48048996925354, -2.383512258529663]
[1],0,[2.45609188079834, -2.358396291732788]
[0],0,[2.0115184783935547, -1.8980692625045776]
[1],1,[-0.8104101419448853, 0.781482458114624]
[1],0,[1.9246819019317627, -1.7887905836105347]
[1],0,[1.5247163772583008, -1.3468217849731445]
[0],0,[2.402089834213257, -2.3018269538879395]
[1],1,[-1.418501853942871, 1.421405553817749]
[0],0,[1.043041467666626, -0.889366865158081]
[0],0,[2.422839641571045, -2.3209142684936523]
[1],0,[1.4844708442687988, -1.3510884046554565]
[1],1,[-2.1327919960021973, 2.0991411209106445]
[1],1,[0.026356857270002365, 0.06284745037555695]
[1],1,[-2.391115427017212, 2.341308355331421]
[1],1,[-2.4369757175445557, 2.3830995559692383]
[0],0,[2.4523508548736572, -2.3580527305603027]
[1],1,[-1.8189210891723633, 1.8064324855804443]
[1],1,[-2.1450061798095703, 2.1211981773376465]
[0],0,[2.0359861850738525, -1.9056599140167236]
[0],0,[2.4534800052642822, -2.354029417037964]
[0],0,[2.368711471557617, -2.272834539413452]
[1],0,[1.2651643753051758, -1.1761947870254517]
[0],1,[-0.0036824806593358517, 0.0429765060544014]
[0],0,[2.390766143798828, -2.292595624923706]
[0],0,[0.6460755467414856, -0.5150832533836365]
[0],1,[-1.9233454465866089, 1.902638554573059]
[0],0,[0.7039425373077393, -0.5499129891395569]
[0],0,[2.301572561264038, -2.2002041339874268]
[0],0,[1.4621936082839966, -1.3857614994049072]
[0],0,[1.6060599088668823, -1.5203384160995483]
[0],0,[2.4804701805114746, -2.3878118991851807]
[0],0,[2.308732271194458, -2.2056326866149902]
[0],0,[2.2144720554351807, -2.110240936279297]
[0],1,[-0.46558678150177, 0.5328770279884338]
[0],0,[2.480780601501465, -2.384507417678833]
[0],1,[-1.7442779541015625, 1.6910545825958252]
[0],0,[1.673103928565979, -1.5281779766082764]
[1],1,[-1.97882080078125, 1.947633981704712]
[1],1,[-2.4464573860168457, 2.392406702041626]
[0],0,[2.3890249729156494, -2.286233425140381]
[1],1,[-0.1391923725605011, 0.23661230504512787]
[0],0,[2.4636528491973877, -2.3668875694274902]
[0],0,[2.4145991802215576, -2.3201961517333984]
[1],1,[-1.6506192684173584, 1.6425138711929321]
[1],1,[-2.253143310546875, 2.2064895629882812]
[1],1,[-2.391148090362549, 2.342529058456421]
[1],1,[-2.216416597366333, 2.195777416229248]
[0],0,[2.336510181427002, -2.2348010540008545]
[1],1,[-2.420961856842041, 2.3686716556549072]
[0],0,[2.4541895389556885, -2.3550853729248047]
[0],0,[2.3276002407073975, -2.223238468170166]
[1],1,[-1.438661813735962, 1.4383734464645386]
[1],0,[0.4222054183483124, -0.30315500497817993]
[1],0,[2.2839362621307373, -2.176743268966675]
[0],0,[2.4791765213012695, -2.388172149658203]
[0],1,[-0.8293188214302063, 0.8527585864067078]
[0],0,[2.0627570152282715, -1.9326801300048828]
[1],1,[-0.20712722837924957, 0.30204474925994873]
[0],1,[-1.9471315145492554, 1.9301283359527588]
[0],0,[0.9016314148902893, -0.7720777988433838]
[0],0,[1.9608891010284424, -1.8686329126358032]
[0],0,[2.4058167934417725, -2.310548782348633]
[0],0,[2.491245985031128, -2.4010562896728516]
[0],1,[-0.40272054076194763, 0.41182127594947815]
[1],1,[-1.450087070465088, 1.4736441373825073]
[0],0,[2.3912193775177, -2.279981851577759]
[1],1,[-0.7042016386985779, 0.7196183204650879]
[0],0,[2.447629690170288, -2.3458666801452637]
[0],0,[2.4428491592407227, -2.3390302658081055]
[0],0,[1.81661856174469, -1.7401108741760254]
[0],0,[2.048567533493042, -1.9587196111679077]
[0],0,[1.9937117099761963, -1.893448829650879]
[0],0,[2.3953890800476074, -2.2914633750915527]
[1],1,[-2.3914058208465576, 2.3434085845947266]
[0],0,[2.1873443126678467, -2.0840070247650146]
[1],0,[0.9685103297233582, -0.841140627861023]
[0],0,[2.0655932426452637, -1.9655301570892334]
[0],0,[2.212723970413208, -2.11759877204895]
[1],1,[-2.3664703369140625, 2.3259294033050537]
[0],1,[-2.1931073665618896, 2.1497411727905273]
[0],0,[2.465376138687134, -2.3697845935821533]
[0],0,[2.3739047050476074, -2.2730369567871094]
[1],1,[-1.5609197616577148, 1.5338468551635742]
[0],0,[1.9210437536239624, -1.828903317451477]
[1],1,[-1.6569525003433228, 1.6492973566055298]
[0],0,[2.4400391578674316, -2.342193126678467]
[1],1,[-2.309553384780884, 2.2648513317108154]
[0],1,[-1.216390609741211, 1.1859750747680664]
[1],1,[-1.7550742626190186, 1.7552852630615234]
[0],0,[0.08800479769706726, -0.07608398050069809]
[0],0,[2.2933895587921143, -2.183892011642456]
[1],1,[-2.4439475536346436, 2.3886969089508057]
[1],1,[-2.4424989223480225, 2.3880765438079834]
[1],1,[-1.891218900680542, 1.8853821754455566]
[1],0,[0.22988255321979523, -0.10970410704612732]
[0],0,[2.288982391357422, -2.1895501613616943]
[0],1,[-1.0134713649749756, 1.0004208087921143]
[1],1,[-2.032092809677124, 2.0036139488220215]
[1],1,[-0.6030533909797668, 0.6632295250892639]
[1],1,[-2.249699592590332, 2.2181293964385986]
[1],1,[-1.3784940242767334, 1.392838716506958]
[0],1,[-1.4108331203460693, 1.4248247146606445]
[0],0,[2.0848774909973145, -1.990608811378479]
[1],1,[-1.878006935119629, 1.8524430990219116]
[0],0,[2.39731502532959, -2.294363498687744]
[1],1,[-2.0338330268859863, 2.0090222358703613]
[0],0,[2.4471476078033447, -2.344710350036621]
[0],0,[2.454210042953491, -2.34787654876709]
[1],1,[-0.9031962156295776, 0.9375160336494446]
[0],0,[1.8725614547729492, -1.7047030925750732]
[0],0,[1.3329721689224243, -1.1269526481628418]
[0],0,[2.489166259765625, -2.394761085510254]
[0],0,[1.4189966917037964, -1.3340803384780884]
[0],0,[1.6457058191299438, -1.5449093580245972]
[0],0,[1.6193928718566895, -1.5417726039886475]
[1],0,[0.7155853509902954, -0.5645025372505188]
[1],0,[2.011697292327881, -1.8198140859603882]
[0],0,[2.421137571334839, -2.327744245529175]
[0],1,[-1.89308762550354, 1.8862433433532715]
[0],0,[1.9768060445785522, -1.8874757289886475]
[0],0,[1.9766021966934204, -1.870596170425415]
[1],1,[-2.2740626335144043, 2.233494758605957]
[1],1,[-2.371243953704834, 2.320504665374756]
[0],0,[2.01885724067688, -1.9328036308288574]
[1],1,[-2.41754150390625, 2.364614248275757]
[0],0,[2.2808477878570557, -2.1655077934265137]
[1],0,[2.1507794857025146, -2.0347118377685547]
[0],0,[2.3906068801879883, -2.2956247329711914]
[0],1,[-0.6080217957496643, 0.6224596500396729]
[0],0,[2.468276023864746, -2.3647561073303223]
[0],0,[2.4329729080200195, -2.3276543617248535]
[0],0,[1.8981163501739502, -1.797599196434021]
[0],1,[-0.38573116064071655, 0.4508449137210846]
[0],0,[2.4204442501068115, -2.324634552001953]
[0],0,[1.7965567111968994, -1.6826527118682861]
[0],0,[1.8500052690505981, -1.733877182006836]
[0],1,[-0.2972702980041504, 0.34309473633766174]
[0],0,[2.454563856124878, -2.358149766921997]
[1],1,[-2.4014892578125, 2.3524653911590576]
[0],1,[-2.198946952819824, 2.168273687362671]
[0],0,[2.4107837677001953, -2.3130526542663574]
[1],1,[-2.1430130004882812, 2.1208255290985107]
[0],0,[2.458958625793457, -2.362365484237671]
[0],0,[1.6455342769622803, -1.4989829063415527]
[1],1,[-2.0076394081115723, 1.9816417694091797]
[0],1,[-1.261670708656311, 1.280638575553894]
[0],1,[-1.6057169437408447, 1.579281210899353]
[0],0,[2.3952536582946777, -2.2992167472839355]
[0],1,[-2.158891201019287, 2.1195037364959717]
[0],0,[2.453550338745117, -2.3585150241851807]
[0],0,[2.194236993789673, -2.0484437942504883]
[0],0,[2.476480484008789, -2.3839337825775146]
[1],1,[-2.120407819747925, 2.093414068222046]
[1],1,[-2.399106979370117, 2.3462767601013184]
[0],0,[2.405409097671509, -2.3083550930023193]
[1],1,[-2.4479897022247314, 2.3929920196533203]
[1],0,[2.0440187454223633, -1.9165655374526978]
[0],1,[-1.296830415725708, 1.3094265460968018]
[0],0,[2.4596822261810303, -2.36372709274292]
[0],0,[2.1234633922576904, -2.01361083984375]
[1],0,[1.5527269840240479, -1.3692967891693115]
[1],1,[-2.3963828086853027, 2.348283052444458]
[0],0,[2.4672353267669678, -2.369295597076416]
[0],0,[0.21880494058132172, -0.12674285471439362]
[0],0,[2.4164044857025146, -2.31111216545105]
[0],1,[-0.2343747466802597, 0.21990323066711426]
[0],0,[2.454664468765259, -2.3524835109710693]
[0],0,[1.7562271356582642, -1.6177750825881958]
[1],0,[2.454838752746582, -2.3596391677856445]
[0],0,[2.4285411834716797, -2.3222081661224365]
[0],1,[-1.2434014081954956, 1.2600103616714478]
[1],1,[-2.1497507095336914, 2.118767738342285]
[0],0,[2.483502149581909, -2.3878884315490723]
[0],0,[1.0299360752105713, -0.9814538359642029]
[0],0,[2.3599627017974854, -2.256394863128662]
[1],1,[-2.447465419769287, 2.3935458660125732]
[0],0,[2.380647897720337, -2.284972667694092]
[0],0,[1.235851764678955, -1.075648546218872]
[0],0,[2.4544548988342285, -2.3553857803344727]
[0],0,[1.4564738273620605, -1.3608609437942505]
[0],0,[2.3295814990997314, -2.2211902141571045]
[0],0,[2.482745885848999, -2.391291618347168]
[0],0,[1.615789771080017, -1.5313515663146973]
[1],1,[-2.3348517417907715, 2.2935967445373535]
[1],1,[-2.1659884452819824, 2.129331111907959]
[0],0,[2.472524642944336, -2.379934787750244]
[0],0,[2.477794647216797, -2.3822479248046875]
[0],0,[2.428720474243164, -2.330246686935425]
[1],1,[-1.5351057052612305, 1.539106845855713]
[0],1,[-0.8850550055503845, 0.872083306312561]
[0],0,[2.388206720352173, -2.2856035232543945]
[0],0,[2.163973808288574, -2.0533738136291504]
[1],1,[-2.4057252407073975, 2.356117010116577]
[1],1,[-0.9939859509468079, 1.0105862617492676]
[1],1,[-1.9568885564804077, 1.9436529874801636]
[0],1,[-2.2925922870635986, 2.2518861293792725]
[0],1,[-0.5415710210800171, 0.5884027481079102]
[1],0,[0.10044261813163757, 0.0014909860910847783]
[1],1,[-1.4910097122192383, 1.506852388381958]
[1],1,[-1.615908145904541, 1.6190619468688965]
[0],0,[2.3556439876556396, -2.2513933181762695]
[0],0,[2.4306955337524414, -2.332017421722412]
[0],0,[1.1431958675384521, -1.0055303573608398]
[0],0,[0.4982004761695862, -0.4389573633670807]
[0],0,[2.3430466651916504, -2.234307289123535]
[0],0,[2.4783575534820557, -2.3840699195861816]
[0],1,[-2.0051841735839844, 1.9859459400177002]
[0],1,[-0.36743417382240295, 0.33188268542289734]
[0],0,[1.6877801418304443, -1.6095974445343018]
[0],0,[2.411829710006714, -2.2998459339141846]
[1],0,[2.32209849357605, -2.203251361846924]
[0],0,[2.468035936355591, -2.36696720123291]
[0],0,[2.0203280448913574, -1.905088186264038]
[0],0,[2.481942892074585, -2.388596773147583]
[0],0,[2.3854353427886963, -2.283534049987793]
[0],0,[2.4411659240722656, -2.3468880653381348]
[0],1,[-0.06670460850000381, 0.1406218558549881]
[0],0,[2.415663242340088, -2.317509889602661]
[1],1,[-0.7697839736938477, 0.7858179211616516]
[0],0,[0.411701500415802, -0.30342450737953186]
[0],0,[1.037487506866455, -0.8910844922065735]
[1],0,[1.0398857593536377, -0.8787049055099487]
[0],0,[0.8803101181983948, -0.6965354681015015]
[0],0,[2.1357929706573486, -2.038566827774048]
[0],0,[2.3834340572357178, -2.278367280960083]
[0],0,[0.6504510045051575, -0.5326480865478516]
[1],1,[-2.437730550765991, 2.3853306770324707]
[0],1,[-1.269753098487854, 1.2952598333358765]
[0],0,[1.4814589023590088, -1.3927208185195923]
[1],1,[-0.3335622251033783, 0.3835112154483795]
[0],0,[2.4895222187042236, -2.3997111320495605]
[0],1,[-2.108123302459717, 2.0658814907073975]
[0],0,[2.4732470512390137, -2.373575210571289]
[0],0,[1.5321953296661377, -1.4591912031173706]
[0],0,[1.3052476644515991, -1.1573818922042847]
[0],0,[2.363009214401245, -2.2453994750976562]
[0],0,[2.3814778327941895, -2.285304307937622]
[0],0,[2.3776776790618896, -2.280667543411255]
[1],1,[-0.14403899013996124, 0.22641678154468536]
[0],0,[2.4678311347961426, -2.3655800819396973]
[0],0,[1.891139030456543, -1.7327754497528076]
[0],0,[2.330681800842285, -2.22200345993042]
[0],0,[2.3078064918518066, -2.195443868637085]
[0],0,[2.4474523067474365, -2.3393828868865967]
[0],0,[2.4846651554107666, -2.3873205184936523]
[1],1,[-2.2920844554901123, 2.254722833633423]
[0],0,[2.488889694213867, -2.397104263305664]
[0],1,[-1.4507648944854736, 1.4487873315811157]
[0],0,[1.7719204425811768, -1.6926292181015015]
[0],0,[1.9610342979431152, -1.8628851175308228]
[0],0,[2.4617958068847656, -2.3662631511688232]
[0],0,[2.4815616607666016, -2.3853604793548584]
[0],0,[0.6859135031700134, -0.6616622805595398]
[0],1,[-1.7481943368911743, 1.7267361879348755]
[1],1,[-2.3206582069396973, 2.2743659019470215]
[0],1,[-1.9572579860687256, 1.9283995628356934]
[0],0,[2.4730355739593506, -2.381032943725586]
[0],0,[2.160944938659668, -2.0645511150360107]
[0],0,[1.7383368015289307, -1.6601588726043701]
[0],0,[0.0653916746377945, -0.008833348751068115]
[0],0,[1.7968904972076416, -1.7063297033309937]
[1],1,[-2.0373497009277344, 2.0167717933654785]
[1],1,[-2.172553300857544, 2.1507554054260254]
[0],0,[2.4513046741485596, -2.355879068374634]
[1],1,[-2.1263318061828613, 2.094411611557007]
[0],0,[2.349687099456787, -2.2511813640594482]
[0],0,[2.35832142829895, -2.241154909133911]
[0],0,[2.4447057247161865, -2.3528690338134766]
[0],1,[-0.0698922723531723, 0.06876378506422043]
[1],1,[-2.3076765537261963, 2.2636497020721436]
[0],0,[0.8539270758628845, -0.7254049777984619]
[0],0,[2.4754467010498047, -2.382700204849243]
[0],1,[-0.3039318025112152, 0.29567191004753113]
[1],1,[-2.1502349376678467, 2.1282052993774414]
[1],0,[1.3414454460144043, -1.1558597087860107]
[1],1,[-0.9918018579483032, 0.989399790763855]
[0],0,[1.3101036548614502, -1.2195498943328857]
[0],1,[-2.124525308609009, 2.1011111736297607]
[1],0,[1.5529756546020508, -1.3785356283187866]
[0],1,[-1.1465294361114502, 1.170271635055542]
[0],0,[2.4747705459594727, -2.3796629905700684]
[0],0,[2.313457727432251, -2.2071194648742676]
[1],1,[-1.8447871208190918, 1.8330504894256592]
[0],0,[1.032752513885498, -0.970310628414154]
[1],1,[-1.8427879810333252, 1.8291015625]
[0],0,[2.4546258449554443, -2.3557119369506836]
[1],1,[-1.9134361743927002, 1.9050267934799194]
[0],0,[2.32281494140625, -2.22725772857666]
[0],0,[1.8056304454803467, -1.6582677364349365]
[1],0,[2.029968738555908, -1.910858392715454]
[0],1,[-1.8040850162506104, 1.758553147315979]
[0],1,[-0.538857102394104, 0.5353381037712097]
[1],1,[-2.352343797683716, 2.312906265258789]
[0],0,[2.4580399990081787, -2.365985870361328]
[0],0,[2.381385564804077, -2.2825100421905518]
[1],0,[2.4723527431488037, -2.375227689743042]
[0],0,[2.459918737411499, -2.3591952323913574]
[0],0,[0.9211198687553406, -0.8648948669433594]
[0],0,[2.4787724018096924, -2.3839774131774902]
[1],1,[-2.3657052516937256, 2.318988084793091]
[0],0,[2.3738341331481934, -2.2741756439208984]
[0],0,[2.356172561645508, -2.25984787940979]
[0],0,[2.439352035522461, -2.3371856212615967]
[0],0,[2.3499276638031006, -2.2431440353393555]
[0],1,[-0.1277550607919693, 0.13799279928207397]
[1],1,[-1.4628283977508545, 1.4731401205062866]
[0],0,[2.480801582336426, -2.385615348815918]
[1],1,[-0.538026750087738, 0.6019468903541565]
[0],0,[2.4160869121551514, -2.3201847076416016]
[0],0,[2.4712047576904297, -2.3764331340789795]
[0],0,[0.5448876023292542, -0.43088585138320923]
[1],1,[-2.3638925552368164, 2.3170156478881836]
[1],1,[-2.3389594554901123, 2.297105312347412]
[0],0,[2.485015869140625, -2.394425392150879]
[0],0,[2.2611052989959717, -2.161940813064575]
[1],1,[-2.432766914367676, 2.3798129558563232]
[0],0,[2.268117904663086, -2.1613197326660156]
[0],0,[1.7189058065414429, -1.6231255531311035]
[1],0,[2.278251886367798, -2.139488935470581]
[0],1,[-2.087467670440674, 2.0441553592681885]
[0],1,[-1.7952739000320435, 1.7816373109817505]
[0],0,[2.4293808937072754, -2.3314907550811768]
[0],0,[2.4815833568573, -2.3900792598724365]
[0],0,[2.406374216079712, -2.3106088638305664]
[1],0,[2.4161784648895264, -2.303539991378784]
[0],0,[2.4752321243286133, -2.382873773574829]
[0],0,[2.270047664642334, -2.1696531772613525]
[0],0,[2.4782795906066895, -2.382007598876953]
[0],1,[-1.7056796550750732, 1.686619520187378]
[1],1,[-1.178008794784546, 1.1959902048110962]
[1],1,[-1.2564178705215454, 1.271714210510254]
[1],1,[-1.4194515943527222, 1.4052820205688477]
[0],0,[2.4495608806610107, -2.35237979888916]
[0],0,[1.9617923498153687, -1.8685898780822754]
[1],1,[-0.4916546642780304, 0.559463381767273]
[0],0,[0.5857229232788086, -0.5517488718032837]
[0],0,[0.13442125916481018, -0.07639322429895401]
[1],1,[-2.232424259185791, 2.1995224952697754]
[0],0,[1.1877543926239014, -1.1255861520767212]
[0],0,[0.7743080854415894, -0.6619249582290649]
[1],1,[-0.7594940662384033, 0.7982611656188965]
[0],0,[2.483031988143921, -2.392679214477539]
[0],0,[2.4495370388031006, -2.353454351425171]
[0],0,[2.3425440788269043, -2.2357099056243896]
[0],0,[1.1037753820419312, -1.0483695268630981]
[0],0,[2.0110316276550293, -1.8964875936508179]
[0],1,[-2.1430368423461914, 2.098933219909668]
[0],0,[0.3745548725128174, -0.24017176032066345]
[0],0,[1.0266706943511963, -0.9475129842758179]
[0],0,[2.308363676071167, -2.1960322856903076]
[0],0,[2.0021626949310303, -1.9014761447906494]
[0],0,[2.4573609828948975, -2.361626386642456]
[1],1,[-2.2137153148651123, 2.1855814456939697]
[1],1,[-2.091407537460327, 2.0540614128112793]
[0],1,[-1.0203948020935059, 1.0022722482681274]
[0],1,[-1.4434410333633423, 1.4513139724731445]
[0],1,[-1.688401460647583, 1.6550419330596924]
[1],1,[-2.4116902351379395, 2.3614234924316406]
[1],1,[-2.139770746231079, 2.1212387084960938]
[0],0,[2.4861221313476562, -2.3940443992614746]
[0],0,[2.128209352493286, -1.9901676177978516]
[0],0,[2.439821243286133, -2.3399851322174072]
[0],0,[2.437490463256836, -2.334444999694824]
[0],0,[2.286992311477661, -2.1975715160369873]
[1],0,[0.9561738967895508, -0.7647859454154968]
[0],0,[2.3832640647888184, -2.273620843887329]
[0],1,[-1.6033471822738647, 1.5638206005096436]
[0],0,[2.4459524154663086, -2.3395581245422363]
[0],0,[2.2921717166900635, -2.1915321350097656]
[0],1,[-0.4872918128967285, 0.47968676686286926]
[0],0,[1.10338294506073, -1.026461124420166]
[1],1,[-2.3299553394317627, 2.2899169921875]
[0],0,[2.460005283355713, -2.361971855163574]
[0],0,[2.081836700439453, -1.9926217794418335]
[0],0,[0.5079256892204285, -0.45841842889785767]
[0],0,[2.390345335006714, -2.2925586700439453]
[0],0,[2.4529685974121094, -2.3566341400146484]
[1],1,[-2.4307401180267334, 2.376919984817505]
[1],1,[-2.329664468765259, 2.290703773498535]
[0],0,[1.4379503726959229, -1.3625926971435547]
[1],1,[-1.452077865600586, 1.477828025817871]
[0],0,[1.9982389211654663, -1.8868833780288696]
[0],1,[-1.4156222343444824, 1.3765608072280884]
[1],0,[0.45298823714256287, -0.3429888188838959]
[0],1,[-2.3488333225250244, 2.2973239421844482]
[1],0,[0.7123191952705383, -0.5698095560073853]
[0],0,[2.4639670848846436, -2.361856460571289]
[0],0,[2.423928737640381, -2.321516990661621]
[1],1,[-1.9579581022262573, 1.9176298379898071]
[1],1,[-0.7907996773719788, 0.7963353991508484]
[0],0,[0.3984326422214508, -0.28804752230644226]
[0],0,[1.3590086698532104, -1.296626329421997]
[0],0,[2.4109158515930176, -2.30665922164917]
[0],0,[2.0632426738739014, -1.9679908752441406]
[1],1,[-2.401740789413452, 2.353564500808716]
[1],0,[1.2152377367019653, -1.0746454000473022]
[0],0,[2.413813829421997, -2.3167884349823]
[0],1,[-1.276286244392395, 1.2328001260757446]
[0],0,[0.6323738098144531, -0.5440505146980286]
[0],0,[2.4093828201293945, -2.307241201400757]
[0],0,[1.193067193031311, -1.0133564472198486]
[0],0,[2.3727989196777344, -2.2718875408172607]
[1],1,[-2.3987207412719727, 2.3483293056488037]
[0],0,[2.4419758319854736, -2.343677282333374]
[0],0,[1.2333390712738037, -1.1407843828201294]
[0],0,[2.4740562438964844, -2.376579523086548]
[0],0,[2.3216488361358643, -2.2151575088500977]
[0],1,[-1.196847915649414, 1.1541979312896729]
[0],0,[2.3203048706054688, -2.202314853668213]
[0],0,[2.385575532913208, -2.2808303833007812]
[1],1,[-1.123497486114502, 1.1307960748672485]
[0],1,[-0.2601175904273987, 0.34327277541160583]
[0],0,[1.819392204284668, -1.6546907424926758]
[1],1,[-1.5577704906463623, 1.5709971189498901]
[0],1,[-1.7839970588684082, 1.7496932744979858]
[1],1,[-2.124845266342163, 2.0978267192840576]
[1],1,[-2.111680030822754, 2.0896263122558594]
[0],1,[-2.2815170288085938, 2.2416741847991943]
[0],0,[2.444106340408325, -2.34977126121521]
[1],1,[-2.0911545753479004, 2.0650522708892822]
[0],0,[2.070300579071045, -1.980306625366211]
[1],1,[-2.2687747478485107, 2.2338855266571045]
[0],0,[2.4581081867218018, -2.3626601696014404]
[1],1,[-1.0606961250305176, 1.0779021978378296]
[0],0,[2.405665636062622, -2.313164710998535]
[1],1,[-2.4369428157806396, 2.381922960281372]
[0],0,[2.429372787475586, -2.3289027214050293]
[0],0,[0.256360799074173, -0.14090684056282043]
[1],0,[2.314182758331299, -2.1935479640960693]
[0],1,[-1.6066036224365234, 1.5922566652297974]
[1],1,[-0.6109448075294495, 0.6810138821601868]
[0],0,[1.4417811632156372, -1.366927981376648]
[0],0,[2.221247434616089, -2.118032455444336]
[1],1,[-2.4288485050201416, 2.3787381649017334]
[1],1,[-0.5268921852111816, 0.5249461531639099]
[0],0,[2.3693299293518066, -2.2671353816986084]
[1],0,[0.6383995413780212, -0.5209853649139404]
[0],1,[-0.27911919355392456, 0.363412469625473]
[0],0,[2.435352325439453, -2.338021755218506]
[1],0,[0.18574805557727814, -0.1645386517047882]
[0],0,[2.458024501800537, -2.3626339435577393]
[0],0,[2.36100172996521, -2.26143741607666]
[1],1,[-1.7885229587554932, 1.7754334211349487]
[1],1,[-2.292731761932373, 2.2554104328155518]
[0],1,[-2.158302068710327, 2.1284079551696777]
[1],1,[-2.107529640197754, 2.065225839614868]
[0],0,[1.136488437652588, -1.0840944051742554]
[0],0,[1.8647288084030151, -1.6953778266906738]
[0],0,[2.0799005031585693, -1.981326937675476]
[1],1,[-2.0191807746887207, 1.9919638633728027]
[0],0,[0.30903950333595276, -0.18571020662784576]
[1],1,[-2.299116611480713, 2.26718807220459]
[0],0,[1.839455485343933, -1.7240796089172363]
[0],0,[2.4332115650177, -2.338183879852295]
[1],1,[-2.3524670600891113, 2.301697254180908]
[0],0,[2.313873767852783, -2.2114527225494385]
[0],0,[2.487628698348999, -2.3971385955810547]
[0],0,[2.4662954807281494, -2.3711493015289307]
[0],1,[-2.335325002670288, 2.2884254455566406]
[0],0,[1.6291089057922363, -1.4781397581100464]
[0],0,[2.442800998687744, -2.3366942405700684]
[1],0,[2.393340826034546, -2.2785520553588867]
[1],1,[-1.934519648551941, 1.910502314567566]
[0],0,[2.2070579528808594, -2.099637031555176]
[1],1,[-2.401262044906616, 2.351325035095215]
[0],0,[2.451878309249878, -2.3538379669189453]
[0],0,[2.2204651832580566, -2.1214239597320557]
